date,group,outlet,headline,type,paywall,url,saved_copy,notes
2026-10-01,ban,SVT Skåne,Beslut idag: Cyklar stoppas på skånska tåg under rusningstid,tv/web,no,https://www.svt.se/nyheter/lokalt/skane/beslut-idag-cyklar-stoppas-pa-skanska-tag-under-rusningstid,,Final hours 06–08 and 15:30–17:30
2026-10-01,ban,Sydsvenskan,Pendlare rasar mot cykelförbud på tåg: Påverkar jobb familj och ekonomi,news,yes,https://www.pressen.se/1366717494.html,,Train conductor quoted
2026-10-01,ban,Sydsvenskan,Idag tas beslut: Ska cyklar stoppas på tågen under rusningstid?,news,yes,https://www.pressen.se/1366717492.html,,
2026-10-01,ban,Skånes Folkblad,Upprörda känslor vid protestaktion mot cykelförbudet,news,unclear,https://skanesfolkblad.se/protestaktion-mot-cykelforbudet-pa-tag-i-rusningstrafik/,,29 incidents claim
2026-10-01,ban,Norra Skåne,Cyklar förbjuds på tåg – demonstranter vädjade förgäves,news,yes,https://www.nsk.se/hassleholm/cyklar-forbjuds-pa-tag-demonstranter-vadjade-forgaves/,,
2026-10-01,ban,Kristianstadsbladet,"Cykelförbud blev hård debatt: ""Dåligt underbyggt""",news,yes,https://www.kristianstadsbladet.se/kristianstad/cykelforbud-blev-hard-debatt-daligt-underbyggt/,,Date estimated
2026-10-01,ban,Skåne Plus,Cykelförbud i Skånes tågtrafik under rusningstid – hård kritik mot nytt beslut,web,no,https://skaneplus.se/cykelforbud-i-skanes-tagtrafik-under-rusningstid-hard-kritik-mot-nytt-beslut/,,Seko: 29 incidents 2026 (6 at rush hour)
2026-10-01,ban,Cykelfrämjandet,Cykel på tåg förbjuds under rusningstid i Skåne,statement,no,https://cykelframjandet.se/nyheter/2026/10/01/cykel-pa-tag-forbjuds-under-rusningstid-i-skane/,,Petition ~2000 signatures
2026-09-29,ban,Kristianstadsbladet,Cyklar förbjuds på skånska tåg – under rusningstrafik,news,yes,https://www.kristianstadsbladet.se/nyheter/cyklar-forbjuds-pa-skanska-tag-under-rusningstrafik/,,
2026-09-30,ban,Sydsvenskan / Cykelfrämjandet,Förbjud inte cyklar på Öresundståg och pågatåg,op-ed,partly,https://cykelframjandet.se/nyheter/2026/09/30/debatt-forbjud-inte-cyklar-pa-oresundstag-och-pagatag/,,Mirror https://www.pressen.se/1366370126.html
2026-09-30,ban,Skånes Folkblad,"Resenärer om att förbjuda cyklar på tåg i rusningstid: ""Helt tokigt""",vox pop,unclear,https://skanesfolkblad.se/resenar-om-att-forbjuda-cyklar-pa-tag-i-rusningstidhelt-tokigt/,,
2026-09-29,ban,Cykelfrämjandet,Cykel på tåg – en outnyttjad potential,article,no,https://cykelframjandet.se/nyheter/2026/09/29/cykel-pa-tag-en-outnyttjad-potential/,,Not about the ban
2026-09-28,ban,Järnvägsnyheter,Skåne vill stoppa cyklar på tåg i rusningstid,trade news,no,https://www.jarnvagsnyheter.se/20260928/19036/skane-vill-stoppa-cyklar-pa-tag-i-rusningstid,,
2026-09-28,ban,Norra Skåne,De planerar protest mot cykelförbudet,news,yes,https://www.nsk.se/hassleholm/protest-mot-cykelforbudet-planeras-utanfor-skanetrafikens-kontor/,,Date estimated
2026-09-28,ban,Norra Skåne,Skånetrafiken växlar in på fel spår om man förbjuder cyklar,op-ed,yes,https://www.nsk.se/debatt/skanetrafiken-vaxlar-in-pa-fel-spar-om-man-forbjuder-cyklar,,Date estimated
2026-09-25,ban,Ystads Allehanda,Förslaget: Cyklar kan förbjudas på tåg,news,yes,https://www.ystadsallehanda.se/ystad/forslaget-cyklar-kan-forbjudas-pa-tag,,
2026-09-25,ban,Skånes Folkblad,"Regionen vill förbjuda cyklar på skånska tåg – ""Det är orimligt""",news,unclear,https://skanesfolkblad.se/cyklar-ska-forbjudas-pa-de-skanska-tagen/,,
2026-09-25,ban,SVT Skåne,Cyklar kan stoppas på tåg under rusningstid,tv/web,no,https://www.svt.se/nyheter/lokalt/skane/cyklar-kan-stoppas-pa-tag-under-rusningstid,,
2026-09-25,ban,Helsingborgs Dagblad,Nytt förslag: Inga cyklar på skånska tågen i rusningstid,news,yes,https://www.pressen.se/1364807944.html,,Possible origin of 'reports videos emails' claim
2026-09-25,ban,Dagens PS,"Stoppar cyklar på tåg: ""Köp en extra och ställ vid stationen""",news,no,https://www.dagensps.se/privatekonomi/stoppar-cyklar-pa-tag-kop-en-extra-och-stall-vid-stationen/,,
2026-09-25,ban,Feber,Skåne kan förbjuda cyklar på tågen,web,no,https://feber.se/fordon/skane-kan-forbjuda-cyklar-pa-tagen/496581/,,
2026-09-26,ban,Nyheter24,Här kan det bli stopp för cyklar på tågen,web,unclear,https://nyheter24.se/nyheter/inrikes/1516568-har-kan-det-bli-stopp-for-cyklar-pa-tag-kop-en-extra,,
2026-08-20,background,Sydsvenskan,Rusning efter månadsbiljetter i Skånetrafiken,news,yes,https://www.pressen.se/1353105464.html,,
2026-05-26,background,SVT Skåne,Priset på månadskort i kollektivtrafiken halveras i Skåne,tv/web,no,https://www.svt.se/nyheter/lokalt/skane/priset-pa-manadskort-halveras-i-skane,,
2026-05-27,background,Feber,Skånetrafiken halverar månadspriset,web,no,https://feber.se/samhalle/skanetrafiken-halverar-manadspriset/492250/,,
,background,Skånska Dagbladet,Rusning efter månadsbiljetter hos Skånetrafiken,news,yes,https://www.skd.se/skane/rusning-efter-manadsbiljetter-hos-skanetrafiken,,Date unknown
,background,Skånska Dagbladet,Bropendlare får halverat biljettpris,news,yes,https://www.skd.se/bropendlare-far-halverat-biljettpris,,Date unknown
2025-04-18,history,Skåne Plus,Tips inför sommaren – Cyklar i kollektivtrafiken i Skåne,web,no,https://skaneplus.se/tips-infor-sommaren-cyklar-i-kollektivtrafiken-i-skane/,,
2024-05-15,history,Skånetrafiken,Cykel med den offentlige transport i Sydsverige til sommer,press release,no,https://www.mynewsdesk.com/dk/skanetrafiken/pressreleases/cykel-med-den-offentlige-transport-i-sydsverige-til-sommer-3322819,,
2024-04-23,history,Skånetrafiken,Så reser man enklast med cykel i kollektivtrafiken i sommar,press release,no,https://www.mynewsdesk.com/se/skanetrafiken/pressreleases/saa-reser-man-enklast-med-cykel-i-kollektivtrafiken-i-sommar-3318416,,
2024,history,TV 2 Kosmopol,Her kan du gratis tage din cykel med i toget,tv/web,no,https://www.tv2kosmopol.dk/metropolen/her-kan-du-gratis-tage-din-cykel-med-i-toget,,Danish comparison
2023-06-22,history,News Øresund,Skånetrafiken sätter in plattformsvärdar och förstärker bemanningen ombord på Öresundstågen i sommar,news,no,https://www.newsoresund.se/skanetrafiken-satter-in-plattformsvardar-och-forstarker-bemanningen-ombord-pa-oresundstagen-i-sommar/,,
2023-06-09,history,Skånetrafiken,Så reser man enklast med cykel i kollektivtrafiken i sommar,press release,no,https://www.mynewsdesk.com/se/skanetrafiken/pressreleases/saa-reser-man-enklast-med-cykel-i-kollektivtrafiken-i-sommar-3258311,,
2022-04-07,history,Miljöpartiet Skåne,Underlätta för cyklister i kollektivtrafiken,party statement,no,https://www.mp.se/skane/just-nu/underlatta-for-cyklister-i-kollektivtrafiken/,,
2021-06-19,history,SVT Skåne,Tågvärdar hotas när de avvisar cyklister från Pågatågen,tv/web,no,https://www.svt.se/nyheter/lokalt/skane/tagvardar-blir-hotade-nar-cyklister-avvisas-fran-pagatagen,,
2021-06-19,history,SVT Skåne,"Skånetrafikens vädjan efter hoten: ""Respektera kundvärdens beslut""",tv/web,no,https://www.svt.se/nyheter/lokalt/skane/skanetrafikens-vadjan-efter-hoten-respektera-kundvardens-beslut,,
,history,Ystads Allehanda,"Frustrerade cyklister på tågen: ""Orimligt""",news,yes,https://www.ystadsallehanda.se/ystad/frustrerade-cyklister-pa-tagen-orimligt/,,Date unconfirmed (~2021)
,history,Ystads Allehanda,Cyklist nekades stiga ombord – tryckte sig in,news,yes,https://www.ystadsallehanda.se/ystad/cyklist-nekades-stiga-ombord-tryckte-sig-in,,Date unconfirmed (~2021)
,history,Ystads Allehanda,"Skånetrafiken: ""Alla kunder ska behandlas på ett respektfullt sätt""",news,yes,https://www.ystadsallehanda.se/ystad/skanetrafiken-alla-kunder-ska-behandlas-pa-ett-respektfullt-satt/,,Date unconfirmed (~2021)
2016-05-01,history,Sydsvenskan / Svensk Cykling,Möjligheterna att ta med cykeln på tågen i Skåne måste bli mycket bättre,op-ed,no,https://svenskcykling.se/mojligheterna-att-ta-med-cykeln-pa-tagen-i-skane-maste-bli-mycket-battre/,,
2026-09-25,background,SVT Skåne,Cyklar kan stoppas på tåg under rusningstid (Zachau links demand to halved pass),tv/web,no,https://www.svt.se/nyheter/lokalt/skane/cyklar-kan-stoppas-pa-tag-under-rusningstid,,Same article as ban row
2026-08-21,background,SVT Skåne,Halverat pris på månadskort får Wictoria att pendla till jobbet,tv/web,no,https://www.svt.se/nyheter/lokalt/skane/halverat-pris-pa-manadskort-far-wiktoria-att-pendla-till-jobbet,,Skånetrafiken: peak crowding; trains planned a year ahead
2026-07-01,background,SVT Stockholm,Nu halveras priset på månadskort – det här gäller,tv/web,no,https://www.svt.se/nyheter/lokalt/stockholm/nu-halveras-priset-pa-manadskort-det-har-galler,,Dalunde (MP) Stockholm
2026-06-04,background,Mitt i,150 miljoner ska rädda SL från överbelastning,news,unclear,https://www.mitti.se/nyheter/150-miljoner-ska-radda-sl-fran-overbelastning-6.3.369082.03c1bec5bd,,Dalunde (MP): too short notice
2026-05-26,background,Regeringen,Regeringen halverar priset på månadskort i kollektivtrafiken,press release,no,https://www.regeringen.se/pressmeddelanden/2026/05/regeringen-halverar-priset-pa-manadskort-i-kollektivtrafiken/,,6.5 bn SEK
2026-05-26,background,Moderaterna Skåne (TT),Skåne – Vi halverar priset på månadskortet,press release,no,https://via.tt.se/pressmeddelande/4401854/skane-vi-halverar-priset-pa-manadskortet?publisherId=3235744&lang=sv,,Zachau quoted
